sidux-manual (01.74.2008.06.14-1) unstable; urgency=low

  * New upstream release.

 -- Stefan Lippers-Hollmann <s.l-h@gmx.de>  Sat, 14 Jun 2008 23:55:13 +0000

sidux-manual (01.74.2008.06.13-1) unstable; urgency=low

  * New upstream release.

 -- Stefan Lippers-Hollmann <s.l-h@gmx.de>  Sat, 14 Jun 2008 00:47:45 +0200

sidux-manual (01.74.2008.06.09-1) unstable; urgency=low

  * New upstream release.

 -- Stefan Lippers-Hollmann <s.l-h@gmx.de>  Tue, 10 Jun 2008 00:33:11 +0000

sidux-manual (01.73.2008.06.07-1) unstable; urgency=low

  * New upstream release.
  * bump standards version to 3.8.0, no changes necessary.

 -- Stefan Lippers-Hollmann <s.l-h@gmx.de>  Sun, 08 Jun 2008 16:27:40 +0000

sidux-manual (01.73.2008.06.02-1) unstable; urgency=low

  * New upstream release.

 -- Stefan Lippers-Hollmann <s.l-h@gmx.de>  Mon, 02 Jun 2008 16:46:59 +0000

sidux-manual (01.73.2008.05.31-1) unstable; urgency=low

  * New upstream release.

 -- Stefan Lippers-Hollmann <s.l-h@gmx.de>  Sat, 31 May 2008 08:31:56 +0000

sidux-manual (01.73.2008.05.22-1) unstable; urgency=low

  * New upstream release.

 -- Stefan Lippers-Hollmann <s.l-h@gmx.de>  Thu, 22 May 2008 11:33:18 +0000

sidux-manual (01.73.2008.05.19-1) unstable; urgency=low

  * New upstream release.

 -- Stefan Lippers-Hollmann <s.l-h@gmx.de>  Mon, 19 May 2008 13:17:46 +0000

sidux-manual (01.73.2008.05.14-1) unstable; urgency=low

  * New upstream release.

 -- Stefan Lippers-Hollmann <s.l-h@gmx.de>  Wed, 14 May 2008 00:22:36 +0000

sidux-manual (01.73.2008.04.26-2) unstable; urgency=low

  * add sidux-manual-it and sidux-manual-ja to the sidux-manual meta package.

 -- Stefan Lippers-Hollmann <s.l-h@gmx.de>  Sat, 26 Apr 2008 23:19:13 +0000

sidux-manual (01.73.2008.04.26-1) unstable; urgency=low

  * New upstream release.
  * package italian manual.

 -- Stefan Lippers-Hollmann <s.l-h@gmx.de>  Sat, 26 Apr 2008 14:32:42 +0200

sidux-manual (01.73.2008.04.19-1) unstable; urgency=low

  * New upstream release.

 -- Stefan Lippers-Hollmann <s.l-h@gmx.de>  Mon, 21 Apr 2008 22:50:42 +0200

sidux-manual (01.73.2008.03.31-1) unstable; urgency=low

  * New upstream release.

 -- Stefan Lippers-Hollmann <s.l-h@gmx.de>  Mon, 31 Mar 2008 03:19:30 +0200

sidux-manual (01.73.2008.03.28.1-1) unstable; urgency=low

  * New upstream release.

 -- Stefan Lippers-Hollmann <s.l-h@gmx.de>  Sat, 29 Mar 2008 01:58:17 +0100

sidux-manual (01.73.2008.03.19-1) unstable; urgency=low

  * New upstream release.

 -- Stefan Lippers-Hollmann <s.l-h@gmx.de>  Wed, 19 Mar 2008 14:10:25 +0100

sidux-manual (01.73.2008.03.12-1) unstable; urgency=low

  * New upstream release.

 -- Stefan Lippers-Hollmann <s.l-h@gmx.de>  Thu, 13 Mar 2008 01:25:48 +0100

sidux-manual (01.73.2008.03.09-1) unstable; urgency=low

  * New upstream release.

 -- Stefan Lippers-Hollmann <s.l-h@gmx.de>  Sun, 09 Mar 2008 21:32:17 +0100

sidux-manual (01.73.2008.03.08-1) unstable; urgency=low

  * New upstream release.
  * drop dfsg patch and the patchsystem as a whole, polish is no longer 
    shipped upstream.

 -- Stefan Lippers-Hollmann <s.l-h@gmx.de>  Fri, 07 Mar 2008 16:54:00 +0100

sidux-manual (01.73.2008.03.07.dfsg.1-1) unstable; urgency=low

  * New upstream release.
  * rm -rf lib/images-pl/ and respin as *.dfsg.1.

 -- Stefan Lippers-Hollmann <s.l-h@gmx.de>  Fri, 07 Mar 2008 15:35:54 +0100

sidux-manual (01.73.2008.03.05.dfsg.1-1) unstable; urgency=low

  * New upstream release.
  * rm -rf pl/ lib/images-pl/ and respin as *.dfsg.1.
  * remove upstream .svn directories which sneaked into the release tarball.
  * refresh dfsg.diff.

 -- Stefan Lippers-Hollmann <s.l-h@gmx.de>  Fri, 07 Mar 2008 00:10:22 +0100

sidux-manual (01.73.2008.02.29.dfsg.1-1) unstable; urgency=low

  * New upstream release.
  * rm -rf pl/ lib/images-pl/ and respin as *.dfsg.1.

 -- Stefan Lippers-Hollmann <s.l-h@gmx.de>  Fri, 29 Feb 2008 14:14:56 +0100

sidux-manual (01.73.2008.02.26.dfsg.1-1) unstable; urgency=low

  * New upstream release.
  * rm -rf pl/ lib/images-pl/ and respin as *.dfsg.1.

 -- Stefan Lippers-Hollmann <s.l-h@gmx.de>  Tue, 26 Feb 2008 15:33:44 +0100

sidux-manual (01.72.2008.02.19.dfsg.1-1) unstable; urgency=low

  * New upstream release.
  * rm -rf pl/ lib/images-pl/ and respin as *.dfsg.1.

 -- Stefan Lippers-Hollmann <s.l-h@gmx.de>  Fri, 22 Feb 2008 02:19:06 +0100

sidux-manual (01.71.2008.02.19.dfsg.1-2) unstable; urgency=low

  * appease lintian and write (C) as © in debian/copyright.

 -- Stefan Lippers-Hollmann <s.l-h@gmx.de>  Thu, 21 Feb 2008 01:13:27 +0100

sidux-manual (01.71.2008.02.19.dfsg.1-1) unstable; urgency=low

  * New upstream release.
  * rm -rf pl/ lib/images-pl/ and respin as *.dfsg.1.

 -- Stefan Lippers-Hollmann <s.l-h@gmx.de>  Tue, 19 Feb 2008 11:52:44 +0100

sidux-manual (01.70.2008.02.09.dfsg.1-1) unstable; urgency=low

  * New upstream release
  * rm -rf pl/ lib/images-pl/ and respin as *.dfsg.1.

 -- Stefan Lippers-Hollmann <s.l-h@gmx.de>  Sun, 10 Feb 2008 17:26:42 +0100

sidux-manual (01.69.2008.02.03.dfsg.1-1) unstable; urgency=low

  * New upstream release.
  * rm -rf pl/ lib/images-pl/ and respin as *.dfsg.1.

 -- Stefan Lippers-Hollmann <s.l-h@gmx.de>  Tue, 05 Feb 2008 01:26:42 +0100

sidux-manual (01.68.2008.01.27.dfsg.1-2) unstable; urgency=low

  * actually install japanese manual.

 -- Stefan Lippers-Hollmann <s.l-h@gmx.de>  Thu, 31 Jan 2008 13:24:31 +0100

sidux-manual (01.68.2008.01.27.dfsg.1-1) unstable; urgency=low

  * New upstream release.
  * rm -rf pl/ lib/images-pl/ and respin as *.dfsg.1.
  * ammend debian/copyright with actual copyright holders, thanks to
    bluewater.
  * refresh dfsg.diff based on the updated upstream source.

 -- Stefan Lippers-Hollmann <s.l-h@gmx.de>  Sun, 27 Jan 2008 22:01:48 +0100

sidux-manual (01.67.2008.01.21.dfsg.2-2) unstable; urgency=low

  * remove non-existent language from flag-index.html.

 -- Stefan Lippers-Hollmann <s.l-h@gmx.de>  Sat, 26 Jan 2008 23:24:34 +0100

sidux-manual (01.67.2008.01.21.dfsg.2-1) unstable; urgency=low

  * remove polish translation from the upstream source upon request of its
    prior maintainer.
  * adapt patches/ packaging accordingly.
  * fix quilt usage.

 -- Stefan Lippers-Hollmann <s.l-h@gmx.de>  Sat, 26 Jan 2008 19:56:00 +0100

sidux-manual (01.67.2008.01.21-1) unstable; urgency=low

  * New upstream release.
  * add temporary compatibility symlink for old XDG desktop files.

 -- Stefan Lippers-Hollmann <s.l-h@gmx.de>  Thu, 24 Jan 2008 12:11:44 +0100

sidux-manual (01.66.2008.01.21-1) unstable; urgency=low

  * New upstream release.
  * Cleanup debian/copyright, and conform to proposed machine parsable format.
  * add create-icons target in debian/rules.
  * remove explicit build-dependency on imagemagick, it's now used in a manual
   step invoked by the maintainer.

 -- Stefan Lippers-Hollmann <s.l-h@gmx.de>  Tue, 22 Jan 2008 13:49:27 +0100

sidux-manual (01.64.2008.01.14-2) unstable; urgency=low

  * update to debhelper compat 6.

 -- Stefan Lippers-Hollmann <s.l-h@gmx.de>  Sat, 19 Jan 2008 02:37:46 +0100

sidux-manual (01.64.2008.01.14-1) unstable; urgency=low

  * New upstream release.

 -- Stefan Lippers-Hollmann <s.l-h@gmx.de>  Tue, 15 Jan 2008 10:26:03 +0100

sidux-manual (01.63.2008.01.12-1) unstable; urgency=low

  * New upstream release.

 -- Stefan Lippers-Hollmann <s.l-h@gmx.de>  Fri, 11 Jan 2008 16:25:48 +0100

sidux-manual (01.62.2008.01.09-1) unstable; urgency=low

  * New upstream release.
  * drop previous no_sidux-xdg patch, merged upstream.

 -- Stefan Lippers-Hollmann <s.l-h@gmx.de>  Wed, 09 Jan 2008 00:09:27 +0100

sidux-manual (01.61.2008.01.06-3) unstable; urgency=low

  * better don't use bogus conflicts.

 -- Stefan Lippers-Hollmann <s.l-h@gmx.de>  Tue, 08 Jan 2008 20:19:23 +0100

sidux-manual (01.61.2008.01.06-2) unstable; urgency=low

  * remove dependency on sidux-xdg.
  * conflict with su-me and sidux-xdg.

 -- Stefan Lippers-Hollmann <s.l-h@gmx.de>  Tue, 08 Jan 2008 20:06:54 +0100

sidux-manual (01.61.2008.01.06-1) unstable; urgency=low

  * New upstream release.

 -- Stefan Lippers-Hollmann <s.l-h@gmx.de>  Sun, 06 Jan 2008 02:27:35 +0100

sidux-manual (01.60.2007.12.29-1) unstable; urgency=low

  * New upstream release.

 -- Stefan Lippers-Hollmann <s.l-h@gmx.de>  Wed, 02 Jan 2008 13:51:41 +0100

sidux-manual (01.59.2007.12.21-1) unstable; urgency=low

  * New upstream release.
  * add japanese translation.

 -- Stefan Lippers-Hollmann <s.l-h@gmx.de>  Fri, 21 Dec 2007 00:36:18 +0100

sidux-manual (01.58.2007.12.15-1) unstable; urgency=low

  * New upstream release.

 -- Stefan Lippers-Hollmann <s.l-h@gmx.de>  Sat, 15 Dec 2007 04:12:14 +0100

sidux-manual (01.57.2007.12.07-1) unstable; urgency=low

  * New upstream release
  * update to Standards-Version 3.7.3, no changes necessary.

 -- Stefan Lippers-Hollmann <s.l-h@gmx.de>  Fri, 07 Dec 2007 14:13:14 +0100

sidux-manual (01.56.2007.12.01-1) unstable; urgency=low

  * New upstream release.

 -- Stefan Lippers-Hollmann <s.l-h@gmx.de>  Fri, 30 Nov 2007 18:45:36 +0100

sidux-manual (01.54.2007.11.21-1) unstable; urgency=low

  * New upstream release.

 -- Stefan Lippers-Hollmann <s.l-h@gmx.de>  Tue, 20 Nov 2007 16:39:30 +0100

sidux-manual (01.53.2007.11.19-1) unstable; urgency=low

  * New upstream release.

 -- Stefan Lippers-Hollmann <s.l-h@gmx.de>  Mon, 19 Nov 2007 14:46:53 +0100

sidux-manual (01.52.2007.11.19-1) unstable; urgency=low

  * New upstream release.
  * add font dependency on ttf-kochi-gothic for hypothetical sidux-manual-ja.

 -- Stefan Lippers-Hollmann <s.l-h@gmx.de>  Mon, 19 Nov 2007 03:44:01 +0100

sidux-manual (01.51.2007.11.17-1) unstable; urgency=low

  * New upstream release.

 -- Stefan Lippers-Hollmann <s.l-h@gmx.de>  Sat, 17 Nov 2007 14:14:51 +0100

sidux-manual (01.50.2007.11.14-1) unstable; urgency=low

  * New upstream release.

 -- Stefan Lippers-Hollmann <s.l-h@gmx.de>  Wed, 14 Nov 2007 17:48:45 +0100

sidux-manual (01.49.2007.11.10-2) unstable; urgency=low

  *  Use DEB_INSTALL_CHANGELOGS_ALL in debian/rules to have upstream changelog
     installed with each binary package.

 -- Kel Modderman <kel@otaku42.de>  Sun, 11 Nov 2007 23:07:03 +1000

sidux-manual (01.49.2007.11.10-1) unstable; urgency=low

  * New upstream release.

 -- Stefan Lippers-Hollmann <s.l-h@gmx.de>  Sat, 10 Nov 2007 13:54:50 +0100

sidux-manual (01.47.2007.11.02-1) unstable; urgency=low

  * New upstream release.

 -- Stefan Lippers-Hollmann <s.l-h@gmx.de>  Fri, 02 Nov 2007 17:02:45 +0100

sidux-manual (01.46.2007.10.29-1) unstable; urgency=low

  * New upstream release.

 -- Stefan Lippers-Hollmann <s.l-h@gmx.de>  Sun, 28 Oct 2007 23:58:56 +0100

sidux-manual (01.46.2007.10.28-1) unstable; urgency=low

  * New upstream release.

 -- Stefan Lippers-Hollmann <s.l-h@gmx.de>  Sun, 28 Oct 2007 16:44:55 +0100

sidux-manual (01.45.2007.10.19-1) unstable; urgency=low

  * New upstream release.

 -- Stefan Lippers-Hollmann <s.l-h@gmx.de>  Sun, 21 Oct 2007 13:40:05 +0200

sidux-manual (01.43.2007.10.12-1) unstable; urgency=low

  * New upstream release.

 -- Stefan Lippers-Hollmann <s.l-h@gmx.de>  Fri, 12 Oct 2007 21:43:55 +0200

sidux-manual (01.42.2007.10.07-1) unstable; urgency=low

  * New upstream release.
  * update syntax for Vcs headers in debian/control

 -- Stefan Lippers-Hollmann <s.l-h@gmx.de>  Sun, 07 Oct 2007 15:25:44 +0200

sidux-manual (01.40.2007.09.24-1) unstable; urgency=low

  * New upstream release.

 -- Stefan Lippers-Hollmann <s.l-h@gmx.de>  Mon, 24 Sep 2007 13:58:56 +0200

sidux-manual (01.39.2007.09.20-1) unstable; urgency=low

  * New upstream release.

 -- Stefan Lippers-Hollmann <s.l-h@gmx.de>  Fri, 21 Sep 2007 10:27:50 +0200

sidux-manual (01.38.2007.09.12-1) unstable; urgency=low

  * add VCS control headers.
  * rename danish manual to sidux-manual-da.

 -- Stefan Lippers-Hollmann <s.l-h@gmx.de>  Wed, 12 Sep 2007 12:04:56 +0200

sidux-manual (01.37.2007.09.11-1) unstable; urgency=low

  * New upstream release

 -- Stefan Lippers-Hollmann <s.l-h@gmx.de>  Tue, 11 Sep 2007 18:56:48 +0200

sidux-manual (01.36.2007.09.08-2) unstable; urgency=low

  * write out languages names for short descriptions.

 -- Stefan Lippers-Hollmann <s.l-h@gmx.de>  Sun, 09 Sep 2007 15:56:53 +0200

sidux-manual (01.36.2007.09.08-1) unstable; urgency=low

  * New upstream release
  * add french manual package.

 -- Stefan Lippers-Hollmann <s.l-h@gmx.de>  Sat, 08 Sep 2007 00:06:30 +0200

sidux-manual (01.34.2007.08.29-2) unstable; urgency=low

  * add pt-br to the sidux-manual meta package.
  * sort packages in debian/control.

 -- Stefan Lippers-Hollmann <s.l-h@gmx.de>  Wed, 29 Aug 2007 13:44:52 +0200

sidux-manual (01.34.2007.08.29-1) unstable; urgency=low

  * New upstream release.
  * add pt_BR.

 -- Stefan Lippers-Hollmann <s.l-h@gmx.de>  Wed, 29 Aug 2007 13:22:18 +0200

sidux-manual (01.33.2007.08.22-1) unstable; urgency=low

  * New upstream release.

 -- Stefan Lippers-Hollmann <s.l-h@gmx.de>  Wed, 22 Aug 2007 15:40:35 +0200

sidux-manual (01.32.2007.08.09-2) unstable; urgency=low

  * Add sidux-manual-pl to dependencies of sidux-manual

 -- Niall Walsh <niallwalsh@users.berlios.de>  Tue, 14 Aug 2007 02:49:26 +0100

sidux-manual (01.32.2007.08.09-1) unstable; urgency=low

  * New upstream release.

 -- Stefan Lippers-Hollmann <s.l-h@gmx.de>  Mon, 13 Aug 2007 15:18:36 +0200

sidux-manual (01.31.2007.08.09-1) unstable; urgency=low

  * New upstream release.

 -- Stefan Lippers-Hollmann <s.l-h@gmx.de>  Thu, 09 Aug 2007 16:13:16 +0200

sidux-manual (01.30.2007.08.04-1) unstable; urgency=low

  * New upstream release

 -- Stefan Lippers-Hollmann <s.l-h@gmx.de>  Sat, 04 Aug 2007 14:46:50 +0200

sidux-manual (01.29.2007.08.01-1) unstable; urgency=low

  * New upstream release

 -- Stefan Lippers-Hollmann <s.l-h@gmx.de>  Wed, 01 Aug 2007 14:17:48 +0200

sidux-manual (01.28.2007.07.29-1) unstable; urgency=low

  * New upstream release

 -- Stefan Lippers-Hollmann <s.l-h@gmx.de>  Sun, 29 Jul 2007 17:58:58 +0200

sidux-manual (01.27.2007.07.27-1) unstable; urgency=low

  * New upstream release

 -- Stefan Lippers-Hollmann <s.l-h@gmx.de>  Fri, 27 Jul 2007 14:31:50 +0200

sidux-manual (01.26.2007.07.25-1) unstable; urgency=low

  * New upstream release

 -- Stefan Lippers-Hollmann <s.l-h@gmx.de>  Wed, 25 Jul 2007 12:42:22 +0200

sidux-manual (01.25.2007.07.24-1) unstable; urgency=low

  * New upstream release

 -- Stefan Lippers-Hollmann <s.l-h@gmx.de>  Wed, 25 Jul 2007 03:19:18 +0200

sidux-manual (01.24.2007.07.23-1) unstable; urgency=low

  * New upstream release

 -- Stefan Lippers-Hollmann <s.l-h@gmx.de>  Mon, 23 Jul 2007 14:46:41 +0200

sidux-manual (01.23.2007.07.22-1) unstable; urgency=low

  * New upstream release

 -- Stefan Lippers-Hollmann <s.l-h@gmx.de>  Sun, 22 Jul 2007 01:39:58 +0200

sidux-manual (01.22.2007.07.21-1) unstable; urgency=low

  * New upstream release

 -- Stefan Lippers-Hollmann <s.l-h@gmx.de>  Sat, 21 Jul 2007 10:55:46 +0200

sidux-manual (01.21.2007.07.20-1) unstable; urgency=low

  * New upstream release.

 -- Stefan Lippers-Hollmann <s.l-h@gmx.de>  Fri, 20 Jul 2007 13:04:01 +0200

sidux-manual (01.19.2007.07.17-1) unstable; urgency=low

  * New upstream release.

 -- Stefan Lippers-Hollmann <s.l-h@gmx.de>  Thu, 19 Jul 2007 03:34:42 +0200

sidux-manual (01.18.2007.07.08-1) unstable; urgency=low

  * New upstream release.

 -- Stefan Lippers-Hollmann <s.l-h@gmx.de>  Thu, 12 Jul 2007 14:38:10 +0200

sidux-manual (01.16.2007.06.30-1) unstable; urgency=low

  * New upstream release

 -- Stefan Lippers-Hollmann <s.l-h@gmx.de>  Sat, 30 Jun 2007 13:30:05 +0200

sidux-manual (01.15.2007.06.16-1) unstable; urgency=low

  * New upstream release

 -- Joaquim Boura <x-un-i@sidux.com>  Sat, 16 Jun 2007 08:55:53 +0200

sidux-manual (01.14.2007.06.11-2) unstable; urgency=low

  [ Joaquim Boura ]
  * install and control files now also handle pl

  [ Stefan Lippers-Hollmann ]
  * fix shotr description.

 -- Stefan Lippers-Hollmann <s.l-h@gmx.de>  Wed, 13 Jun 2007 03:18:10 +0200

sidux-manual (01.14.2007.06.11-1) unstable; urgency=low

  * New upstream release

 -- Joaquim Boura <x-un-i@sidux.com>  Tue, 12 Jun 2007 19:10:54 +0200

sidux-manual (01.12.2007.06.03-1) unstable; urgency=low

  * New upstream release

 -- Joaquim Boura <x-un-i@sidux.com>  Sun, 03 Jun 2007 14:32:01 +0200

sidux-manual (01.10.2007.05.26-1) unstable; urgency=low

  * New upstream release

 -- Stefan Lippers-Hollmann <s.l-h@gmx.de>  Tue, 29 May 2007 11:56:48 +0200

sidux-manual (01.08.2007.05.25-1) unstable; urgency=low

  * New upstream release

 -- Joaquim Boura <x-un-i@sidux.com>  Fri, 25 May 2007 15:38:30 +0200

sidux-manual (01.05.2007.05.22-1) unstable; urgency=low

  * New upstream release

 -- Joaquim Boura <x-un-i@sidux.com>  Thu, 24 May 2007 07:20:05 +0200

sidux-manual (01.04.2007.05.20-1) unstable; urgency=low

  [ Joaquim Boura ]
  * New upstream release

  [ Stefan Lippers-Hollmann ]
  * add x-un-i and myself to uploaders.

 -- Stefan Lippers-Hollmann <s.l-h@gmx.de>  Mon, 21 May 2007 00:04:39 +0200

sidux-manual (01.01.2007.05.16-1) unstable; urgency=low

  * New upstream release.

 -- Kel Modderman <kel@otaku42.de>  Wed, 16 May 2007 12:56:45 +1000

sidux-manual (0.8.2007.05.12-1) unstable; urgency=low

  * New upstream release.

 -- Joaquim Boura <x-un-i@sidux.com>  Sun, 13 May 2007 09:54:38 +0200

sidux-manual (0.6.2007.05.08-1) unstable; urgency=low

  * New upstream release

 -- Stefan Lippers-Hollmann <s.l-h@gmx.de>  Thu, 10 May 2007 03:46:20 +0200

sidux-manual (0.4.2007.05.07-1) unstable; urgency=low

  * New upstream release.
  * Install icons and desktop menu file.

 -- Kel Modderman <kel@otaku42.de>  Tue, 08 May 2007 09:32:50 +1000

sidux-manual (0.3.2007.05.05-2) unstable; urgency=low

  * Add missing ru package.
  * Update sidux-manual dependency field for sidux-manual-ru package.

 -- Kel Modderman <kel@otaku42.de>  Mon, 07 May 2007 15:27:31 +1000

sidux-manual (0.3.2007.05.05-1) unstable; urgency=low

  * New upstream release
  * Adapt sidux-manual-common.install target to new upstream layout.
  * Adjust debian/control description of sidux-manual common to reflect new
    addition of index files.

 -- Kel Modderman <kel@otaku42.de>  Mon, 07 May 2007 10:17:12 +1000

sidux-manual (0.2.2007.05.05-1) unstable; urgency=low

  [ Stefan Lippers-Hollmann ]
  * New upstream release

  [ Kel Modderman ]
  * Make regexp in debian/watch more useful.

 -- Kel Modderman <kel@otaku42.de>  Mon, 07 May 2007 02:22:20 +1000

sidux-manual (0.0+08042007-2) unstable; urgency=low

  * Add virtual package `sidux-manual' that depends on all the translated
    manuals.

 -- Kel Modderman <kel@otaku42.de>  Mon, 09 Apr 2007 17:18:50 +1000

sidux-manual (0.0+08042007-1) unstable; urgency=low

  * Initial release.

 -- Kel Modderman <kel@otaku42.de>  Mon,  9 Apr 2007 13:54:11 +1000
